Timestamp,stateEstimate.ax,stateEstimate.ay,stateEstimate.az,stateEstimate.pitch,stateEstimate.roll,stateEstimate.yaw
121295,-0.0024606692604720592,-0.003569427179172635,-0.0016488432884216309,-0.018996572121977806,-0.04483227804303169,-0.02386881597340107
121395,-0.004732154775410891,-0.0027188581880182028,-0.000687718391418457,-0.01830904558300972,-0.04573523625731468,-0.026778938248753548
121495,-0.0016761085717007518,-0.003887792816385627,0.0010894536972045898,-0.030749626457691193,-0.05208701640367508,-0.023087115958333015
121595,-0.002289805794134736,-0.0026892018504440784,-0.0018274188041687012,-0.033353738486766815,-0.056959837675094604,-0.02034326083958149
121695,-0.0025279223918914795,-0.004441624972969294,-0.0008499026298522949,-0.0343877412378788,-0.057018209248781204,-0.018908323720097542
121795,-0.0008695158758200705,-0.004115218296647072,0.00026106834411621094,-0.0285380519926548,-0.05321098491549492,-0.022249119356274605
121895,-0.0010700379498302937,-0.004500218201428652,0.0009343624114990234,-0.03362737223505974,-0.05504852533340454,-0.023801082745194435
121995,-0.0037292223423719406,-0.002434080932289362,0.0008003711700439453,-0.03047351725399494,-0.05461471900343895,-0.024527370929718018
122095,-0.00042431039037182927,-0.004045696929097176,-0.0005248785018920898,-0.030320875346660614,-0.05384351313114166,-0.026013027876615524
122195,-0.004773376509547234,-0.0031561299692839384,0.0006133317947387695,-0.028866754844784737,-0.0566750206053257,-0.027662858366966248
122295,-0.0011948258616030216,-0.0036554087419062853,0.002037525177001953,-0.02854056842625141,-0.05489281937479973,-0.028593210503458977
122395,-0.0011194589314982295,-0.00445178896188736,0.0010601282119750977,-0.026644369587302208,-0.05274380370974541,-0.027936287224292755
122495,-0.0023441121447831392,-0.0033908942714333534,-0.0014815330505371094,-0.018321003764867783,-0.050771698355674744,-0.0313580147922039
122595,-0.003290571039542556,-0.0020028725266456604,-0.0007713437080383301,-0.023957617580890656,-0.05090973153710365,-0.0284428671002388
122695,-0.003822040045633912,-0.0027212982531636953,0.001141667366027832,-0.016462188214063644,-0.04919445142149925,-0.027712734416127205
122795,-0.0017800182104110718,-0.001972104422748089,-0.0011044740676879883,-0.015572813339531422,-0.048837222158908844,-0.028810109943151474
122895,-0.004090385977178812,-0.0021119737066328526,-0.0008400678634643555,-0.02501065842807293,-0.05783936008810997,-0.026513872668147087
122995,-0.0028886834625154734,-0.004260184708982706,0.00110626220703125,-0.02597370184957981,-0.05594727769494057,-0.02686900831758976
123095,-0.0034450406674295664,-0.0003848500200547278,0.0003769397735595703,-0.025000963360071182,-0.05244138091802597,-0.025155169889330864
123195,-0.0020471150055527687,-0.005517202895134687,0.0006316900253295898,-0.02647794596850872,-0.042548079043626785,-0.028366263955831528
123295,-0.0033872954081743956,-0.0013991361483931541,-0.00038176774978637695,-0.02560160495340824,-0.03812999278306961,-0.029067326337099075
123395,0.0010594584746286273,-0.004752932116389275,0.0017881393432617188,-0.027436861768364906,-0.037439338862895966,-0.029156485572457314
123495,-0.0029489875305444,-0.004603928420692682,-0.00021326541900634766,-0.019818563014268875,-0.04024404659867287,-0.030955705791711807
123595,-0.001678215223364532,-0.004465037025511265,-0.0016686320304870605,-0.01573088765144348,-0.04134785383939743,-0.0323525033891201
123695,-0.00047138537047430873,-0.0015250896103680134,0.0020524263381958008,-0.023495906963944435,-0.05052090808749199,-0.030768675729632378
123795,-0.0034212248865514994,-0.0012337471125647426,0.0012711286544799805,-0.024755600839853287,-0.04679402336478233,-0.02420784905552864
123895,-0.0037108242977410555,-0.001720699481666088,0.002199530601501465,-0.030339978635311127,-0.04613131657242775,-0.028671298176050186
123995,-0.0022121870424598455,-0.00443413807079196,-0.0013391971588134766,-0.025170784443616867,-0.040974751114845276,-0.02538815699517727
124095,-0.0019298833794891834,-0.003988500218838453,0.0009816884994506836,-0.01666850969195366,-0.03569340705871582,-0.02725895307958126
124195,0.00014758965699002147,-0.00299872481264174,0.0004252195358276367,-0.015828624367713928,-0.03576834872364998,-0.024363966658711433
124295,-0.0015089570078998804,-0.004103794693946838,-0.0013690590858459473,-0.016480034217238426,-0.034577738493680954,-0.024782435968518257
124395,-0.001135406200774014,-0.002351087983697653,-0.00023001432418823242,-0.022416239604353905,-0.03557506203651428,-0.020798495039343834
124495,-0.0025774671230465174,-0.0034151803702116013,-0.0002523064613342285,-0.026612361893057823,-0.05114780366420746,-0.023421689867973328
124595,-0.003391415113583207,-0.0018314040498808026,-0.0007583498954772949,-0.0319838747382164,-0.05072294920682907,-0.025268692523241043
124695,-0.00020550178305711597,-0.004646859597414732,-0.000992894172668457,-0.035841576755046844,-0.04725424200296402,-0.02244439907371998
124795,-0.0009523913613520563,-0.0038415968883782625,-0.001048445701599121,-0.029500234872102737,-0.04493468627333641,-0.02020517736673355
124895,-0.0008495814981870353,-0.0034567825496196747,-0.0005994439125061035,-0.02635844796895981,-0.03851749002933502,-0.018816493451595306
124995,-0.002443665871396661,-0.0013482735957950354,-0.00038433074951171875,-0.025843361392617226,-0.039703819900751114,-0.01833273470401764
125095,-0.0019471300765872002,-0.005037339869886637,-0.0003401041030883789,-0.04084325209259987,-0.049244433641433716,-0.015460698865354061
125195,0.00029821452335454524,-0.003826997708529234,0.0018377304077148438,-0.038115840405225754,-0.05034995451569557,-0.0165854562073946
125295,-0.002672628266736865,-0.0048111118376255035,-0.0015534162521362305,-0.041833627969026566,-0.05553567409515381,-0.014179174788296223
125395,-0.002231707563623786,-0.0033375725615769625,-0.0005922913551330566,-0.03857504948973656,-0.05737807974219322,-0.010178647935390472
125495,-0.0020365442615002394,-0.000919034646358341,0.0009622573852539062,-0.03359280154109001,-0.05817464739084244,-0.007144542410969734
125595,-0.004229288082569838,-0.003678014501929283,-0.00017255544662475586,-0.04157800227403641,-0.05689447373151779,-0.006894092075526714
125695,-0.0022219878155738115,-0.002695721108466387,0.000887751579284668,-0.054939452558755875,-0.07270196080207825,-0.0063205198384821415
125795,2.5866718715406023e-05,-0.003529168199747801,-0.0008639097213745117,-0.05874711275100708,-0.07219253480434418,-0.009776792488992214
125895,-0.0032182554714381695,-0.0005560095305554569,0.0011830329895019531,-0.056280963122844696,-0.07360631227493286,-0.012910940684378147
125995,-0.001440277323126793,-0.003193414071574807,0.0015130043029785156,-0.06405070424079895,-0.0843765139579773,-0.014233862049877644
126095,-0.0026071828324347734,-0.0021011452190577984,0.00013744831085205078,-0.06821323931217194,-0.08034475147724152,-0.014788602478802204
126195,-0.0022292619105428457,-0.0009384520817548037,-0.0008197426795959473,-0.07874608784914017,-0.07562115043401718,-0.012003662064671516
126295,0.0006237261695787311,-0.0015329770976677537,0.0011248588562011719,-0.07466887682676315,-0.07937014847993851,-0.017494533210992813
126395,-7.13008557795547e-05,-0.0032159509137272835,-0.0006347894668579102,-0.07453306019306183,-0.07836750149726868,-0.02380179800093174
126495,-0.002089114859700203,-0.0022893098648637533,0.00010371208190917969,-0.088408462703228,-0.08853306621313095,-0.02588954195380211
126595,-0.0017127448227256536,-0.004016576800495386,0.00029861927032470703,-0.09058596938848495,-0.08790510892868042,-0.025500668212771416
126695,-0.0010404433123767376,-0.005055723711848259,0.00016367435455322266,-0.09672967344522476,-0.09566880017518997,-0.027249716222286224
126795,0.0013108885614201427,-0.001452722935937345,0.0038039684295654297,-0.11001420766115189,-0.1139834076166153,-0.0263532567769289
126895,-0.0010019136825576425,-0.0028317677788436413,0.003244638442993164,-0.09591969847679138,-0.08035846054553986,-0.025269925594329834
126995,0.0005217113648541272,-0.0019460514886304736,0.0002149343490600586,-0.13188083469867706,-0.12798547744750977,-0.02676643431186676
127095,-0.0006962144980207086,-0.001188185764476657,0.0013850927352905273,-0.12672865390777588,-0.1290537565946579,-0.027839582413434982
127195,-0.00041728123323991895,-0.00010882591595873237,-0.001297593116760254,-0.18734650313854218,-0.20839309692382812,-0.024181606248021126
127295,-0.0011557593243196607,-0.004175251815468073,0.0013447999954223633,-0.05580095946788788,-0.03963953256607056,-0.026962803676724434
127395,-0.0011619218857958913,-0.004781678784638643,0.0027581453323364258,-0.020650694146752357,0.009857787750661373,-0.025597531348466873
127495,0.0003216590848751366,-0.0014405527617782354,-0.0008164644241333008,-0.14888861775398254,-0.16495069861412048,-0.02765609510242939
127595,0.0026477910578250885,0.0008448205189779401,0.0007570981979370117,-0.15887276828289032,-0.17392085492610931,-0.025979479774832726
127695,-0.013421885669231415,0.020971620455384254,0.035980820655822754,-0.18817420303821564,-0.1529827117919922,-0.15061374008655548
127795,-0.016564244404435158,-0.003796627977862954,0.19489920139312744,0.2755352854728699,-0.4752185046672821,-0.6999276280403137
127895,-0.012202522717416286,0.05783410370349884,0.28572630882263184,0.4484759569168091,-2.218247175216675,-0.7746843099594116
127995,-0.01968645490705967,0.008229873143136501,0.22115957736968994,1.000528335571289,0.030461227521300316,0.03078715316951275
128095,-0.006533787120133638,-0.020757533609867096,0.18857038021087646,0.3598017692565918,1.271234393119812,0.690797746181488
128195,-0.010764540173113346,-0.014161713421344757,0.16258418560028076,0.6569404006004333,0.9242260456085205,1.1960501670837402
128295,-0.014123526401817799,-0.010240154340863228,0.1534571647644043,0.7084552049636841,0.4660530686378479,1.5705199241638184
128395,-0.007003736216574907,-0.003133823163807392,0.14084100723266602,0.5583646297454834,0.2462068796157837,1.948787808418274
128495,-0.011597143486142159,-0.0012067995266988873,0.12934672832489014,0.5691507458686829,-0.11462707072496414,2.316220283508301
128595,-0.006121285259723663,0.001337881782092154,0.116768479347229,0.4316903352737427,-0.2747356593608856,2.6399214267730713
128695,0.0005534678930416703,0.009941118769347668,-0.11282628774642944,0.236944317817688,-0.6256903409957886,3.0147788524627686
128795,-0.0027990948874503374,-0.0040992628782987595,-0.2706024646759033,0.23953309655189514,-0.5446245670318604,3.461116075515747
128895,0.009056291542947292,-0.019029434770345688,-0.33503204584121704,-0.08722136914730072,-0.42452913522720337,3.9112253189086914
128995,0.00899855699390173,-0.0051799644716084,-0.25741785764694214,0.027929004281759262,-0.4670430123806,4.363636493682861
129095,0.007998574525117874,-0.01308505516499281,-0.044534921646118164,0.13653361797332764,-0.3287259638309479,4.700506210327148
129195,0.00737058324739337,-0.01719469390809536,0.11227226257324219,0.2181607186794281,-0.09000562876462936,4.972525596618652
129295,0.004844749812036753,-0.020672570914030075,0.15908539295196533,0.3232518434524536,-0.10086367279291153,5.197186470031738
129395,0.005398825276643038,-0.02219245955348015,0.1620579957962036,0.3409436345100403,-0.021937115117907524,5.385995864868164
129495,0.010915343649685383,-0.027832256630063057,0.16637730598449707,0.15260015428066254,0.34722283482551575,5.539883136749268
129595,0.14429834485054016,-0.15107640624046326,0.04825317859649658,-5.919737815856934,7.345767974853516,6.664928913116455
129695,0.1815820336341858,-0.17048470675945282,-0.1248813271522522,-9.437353134155273,10.908949851989746,8.730425834655762
129795,0.19524571299552917,-0.15877917408943176,-0.1943536400794983,-10.809331893920898,12.48379898071289,11.232869148254395
129895,0.07818229496479034,-0.08741944283246994,-0.1542738676071167,-4.032576560974121,6.326237201690674,11.607170104980469
129995,0.03224285691976547,-0.04957005754113197,-0.1687636375427246,-2.0531725883483887,3.4002468585968018,12.080219268798828
130095,0.007364936638623476,-0.005431219004094601,-0.18270307779312134,-0.4750839173793793,0.766295850276947,12.538296699523926
130195,-0.007872502319514751,-0.002138512209057808,-0.18245196342468262,0.18322211503982544,0.041486769914627075,13.041701316833496
130295,-0.007342216093093157,-0.007914750836789608,-0.24842065572738647,0.08901248127222061,-0.12290097773075104,13.538103103637695
130395,-0.00994857493788004,0.00015954601985868067,-0.3088753819465637,0.20887421071529388,0.0032017920166254044,14.022505760192871
130495,0.007606142666190863,-0.01903502456843853,-0.2980858087539673,-0.9053652286529541,1.4670437574386597,14.511955261230469
130595,0.01785619929432869,-0.023336077108979225,-0.20379382371902466,-1.2778316736221313,2.0264892578125,15.006869316101074
130695,0.007815638557076454,0.0006976487347856164,-0.06422144174575806,-0.571453332901001,0.4469619393348694,15.437411308288574
130795,0.0005143019952811301,-0.0098497299477458,0.11569523811340332,-0.022744212299585342,0.2702656388282776,15.80534553527832
130895,-0.009051949717104435,-0.011889984831213951,0.2166748046875,0.40861913561820984,0.1131250262260437,16.126182556152344
130995,-0.0103491535410285,-0.008516237139701843,0.24872636795043945,0.5391392707824707,0.14157582819461823,16.394559860229492
131095,0.03680519387125969,-0.11314261704683304,0.2312004566192627,-0.1016930416226387,5.210960865020752,16.698848724365234
131195,0.024515224620699883,-0.0976858139038086,0.20429062843322754,0.16040512919425964,4.889726638793945,16.933542251586914
131295,0.0035151722840964794,-0.035900332033634186,0.15448248386383057,0.4873794913291931,1.8835586309432983,17.091140747070312
131395,-0.008916542865335941,-0.008324416354298592,0.10246634483337402,0.5796850323677063,0.6897390484809875,17.338016510009766
131495,0.017524709925055504,-0.09680625051259995,0.05764651298522949,0.652028501033783,5.347062587738037,17.568513870239258
131595,0.1014283299446106,-0.11774677783250809,0.012303829193115234,-3.3583693504333496,8.207819938659668,18.430652618408203
131695,0.11756689846515656,-0.12274955958127975,-0.19004303216934204,-5.2494730949401855,10.291136741638184,19.919309616088867
131795,0.06348598748445511,-0.13867086172103882,-0.31489938497543335,-1.4596449136734009,14.124914169311523,20.50346565246582
131895,0.07144135236740112,-0.12381509691476822,-0.3487217426300049,-2.166846990585327,12.475245475769043,21.58432388305664
131995,0.026113128289580345,-0.02214375138282776,-0.15994852781295776,-1.5352249145507812,3.5646650791168213,22.346593856811523
132095,0.009539008140563965,0.013229497708380222,0.09720289707183838,-0.5118876695632935,0.9729747772216797,22.8262882232666
132195,-0.023068752139806747,0.02231772616505623,0.19512629508972168,0.3323357105255127,-0.28030428290367126,23.252338409423828
132295,-0.03292201831936836,0.033309515565633774,0.21299588680267334,0.6701642274856567,-0.8679473996162415,23.646570205688477
132395,-0.01848626509308815,0.037754982709884644,0.03310871124267578,-0.16659191250801086,-1.1354868412017822,23.973247528076172
132495,0.09337582439184189,0.08331511914730072,-0.13874691724777222,-8.02564811706543,-1.3735194206237793,24.289533615112305
132595,0.15111306309700012,0.08581699430942535,-0.20572280883789062,-12.194369316101074,-1.1995837688446045,24.49213409423828
132695,0.15108437836170197,0.09335252642631531,-0.23786842823028564,-14.61163330078125,-0.8833447694778442,25.01605987548828
132795,0.10625790059566498,0.08104920387268066,-0.1987784504890442,-10.675932884216309,-0.7705430388450623,25.724767684936523
132895,0.006956633646041155,0.03188810497522354,-0.04430896043777466,-2.7095677852630615,-0.7158259749412537,26.395523071289062
132995,-0.039831019937992096,0.009577097371220589,0.07362818717956543,0.34564879536628723,-0.8081029653549194,26.873355865478516
133095,-0.07128755003213882,-6.0700447647832334e-05,0.16195130348205566,1.7527906894683838,-0.9886637330055237,27.4688777923584
133195,-0.07880167663097382,-0.006434312090277672,0.22058308124542236,2.1072158813476562,-1.0482505559921265,27.984577178955078
133295,-0.0817384272813797,-0.007961150258779526,0.23340272903442383,2.153907537460327,-1.0995124578475952,28.330102920532227
133395,-0.10293542593717575,-0.021668002009391785,0.22618722915649414,3.5393216609954834,-0.8108820915222168,28.59049415588379
133495,-0.096710205078125,-0.07410889863967896,0.19284522533416748,4.817349433898926,1.6124706268310547,28.637224197387695
133595,0.008141394704580307,-0.14817367494106293,0.10935163497924805,2.712359666824341,7.558403015136719,28.594579696655273
133695,-0.011826605536043644,-0.058277618139982224,0.0993119478225708,1.7160778045654297,3.651667356491089,28.561290740966797
133795,0.003097512060776353,-0.05603714659810066,0.09681451320648193,0.8674275279045105,4.550352573394775,23.925613403320312
133895,0.06525201350450516,-0.30983850359916687,0.06874573230743408,-0.9546960592269897,17.150304794311523,11.15407943725586
133995,-0.022776823490858078,-0.39381927251815796,0.08276855945587158,-0.6687554121017456,21.406044006347656,-2.2580885887145996
134095,-0.1417056769132614,-0.39754337072372437,0.07811415195465088,0.6341823935508728,23.33432960510254,-14.336817741394043
134195,-0.2451496422290802,-0.3503921627998352,0.07091295719146729,1.640829086303711,24.275897979736328,-25.7630558013916
134295,-0.336655855178833,-0.26473066210746765,0.06470680236816406,2.8003764152526855,24.642141342163086,-36.46548843383789
134395,-0.38467171788215637,-0.18457694351673126,0.05818462371826172,5.730986595153809,24.38486671447754,-41.84099197387695
134495,-0.4081633388996124,-0.11804712563753128,0.048856377601623535,8.401535987854004,23.921875,-42.881343841552734
134595,-0.3879648447036743,-0.10600050538778305,0.031603217124938965,11.10185718536377,23.45009994506836,-38.64804458618164
134695,-0.15698479115962982,0.031655456870794296,0.039737701416015625,8.312968254089355,10.768420219421387,-31.565710067749023
134795,0.05670880898833275,0.1656576693058014,-0.19136148691177368,3.560318946838379,-2.3635189533233643,-28.883085250854492
134895,0.10840853303670883,0.20383813977241516,-0.29917818307876587,1.3162870407104492,-8.896109580993652,-28.07522201538086
134995,0.19455841183662415,0.36698785424232483,-0.41384804248809814,0.7557617425918579,-27.648590087890625,-27.86932945251465
135095,0.1645551472902298,0.3008091449737549,-0.46907585859298706,-0.5409753918647766,-27.399965286254883,-27.392074584960938
135195,0.1376393884420395,0.2909311354160309,-0.5001295804977417,-0.7378259301185608,-29.042028427124023,-26.655101776123047
135295,0.2713327705860138,0.4528176188468933,-0.20861119031906128,-1.9983841180801392,-30.575639724731445,-26.93642807006836
135395,0.29598915576934814,0.49500519037246704,-0.0041536688804626465,-3.3906941413879395,-28.56510353088379,-23.555749893188477
135495,0.2300918698310852,0.5338990688323975,0.06607306003570557,-2.300793409347534,-27.886213302612305,-19.82632064819336
135595,0.16988910734653473,0.5161056518554688,0.05005323886871338,-1.9629168510437012,-28.045339584350586,-16.433950424194336
135695,0.16579988598823547,0.5166189074516296,0.15449821949005127,-2.997638463973999,-27.342395782470703,-12.592386245727539
135795,0.10932005941867828,0.4577672779560089,0.15456247329711914,-3.819603681564331,-25.50738525390625,-8.092024803161621
135895,0.017741436138749123,0.3854965567588806,0.17898035049438477,-1.5378155708312988,-21.906808853149414,-3.6549744606018066
135995,-0.022504346445202827,0.29394182562828064,0.22008633613586426,0.1816399097442627,-17.922470092773438,-2.195596218109131
136095,-0.03723592311143875,0.21414178609848022,0.23798596858978271,0.9055426716804504,-15.02801513671875,-0.9072584509849548
136195,-0.05419743433594704,-0.01946028135716915,0.25973260402679443,1.3805735111236572,-4.9554266929626465,0.39650440216064453
136295,-0.04597672447562218,-0.21874363720417023,-0.006005525588989258,1.7740665674209595,6.338885307312012,1.3317549228668213
136395,-0.03477233648300171,-0.29352661967277527,-0.22213530540466309,1.7563668489456177,15.33496379852295,2.1145665645599365
136495,-0.022231370210647583,-0.344294935464859,-0.35913562774658203,1.9670615196228027,23.44879722595215,2.4787800312042236
136595,-0.03360544145107269,-0.279893696308136,-0.44077128171920776,2.7912113666534424,23.806734085083008,2.143831729888916
136695,0.003943228628486395,-0.31195178627967834,-0.45105403661727905,0.7128080129623413,27.968687057495117,3.0788180828094482
136795,-0.05096115916967392,-0.22045819461345673,-0.11332941055297852,2.4180002212524414,13.482025146484375,2.8286712169647217
136895,-0.03250439837574959,-0.19903843104839325,0.08601415157318115,2.9276397228240967,8.821269989013672,5.617257595062256
136995,-0.10794111341238022,-0.09437708556652069,0.21360528469085693,4.1950531005859375,3.059544086456299,10.653951644897461
137095,-0.08122746646404266,-0.05503332242369652,0.21848070621490479,3.497328996658325,0.9013562202453613,13.731657981872559
137195,-0.06250721216201782,-0.05002845451235771,0.23509502410888672,2.678623676300049,0.6852580904960632,17.081459045410156
137295,0.0143214650452137,0.00669595692306757,0.24132061004638672,-1.0406322479248047,-0.09347637742757797,20.244871139526367
137395,0.17403268814086914,0.055193062871694565,0.225189208984375,-9.106122016906738,0.40820640325546265,22.67249870300293
137495,0.2740855813026428,0.11092480272054672,0.17097806930541992,-15.229684829711914,0.3199281096458435,24.270124435424805
137595,0.2931455969810486,0.13016876578330994,0.15907323360443115,-16.56343650817871,0.21727706491947174,25.446727752685547
137695,0.04940968379378319,0.02869453839957714,0.21743619441986084,-4.730324745178223,-0.10493063926696777,25.85599136352539
137795,-0.0349520668387413,-0.011892717331647873,0.21685540676116943,-0.6627423167228699,-0.2801433205604553,26.269569396972656
137895,-0.06468217074871063,-0.023900531232357025,0.22413301467895508,1.04462468624115,0.003402847796678543,26.626941680908203
137995,0.045041847974061966,-0.30362993478775024,0.1477271318435669,2.604792594909668,13.29539680480957,26.445905685424805
138095,0.05487636849284172,-0.4326810836791992,0.09255218505859375,5.095360279083252,20.42973518371582,25.58061408996582
138195,0.05005817860364914,-0.4669574797153473,0.053508639335632324,5.928755283355713,23.43800926208496,23.728538513183594
138295,0.03230694308876991,-0.4678347110748291,0.03528869152069092,5.9635443687438965,24.595003128051758,21.558408737182617
138395,0.015556192956864834,-0.4504261314868927,0.030455827713012695,5.815154075622559,25.139163970947266,18.921649932861328
138495,-0.006636303849518299,-0.4344959855079651,0.015247941017150879,5.7136759757995605,25.48746681213379,16.224950790405273
138595,-0.030896319076418877,-0.409251868724823,0.016260623931884766,5.74655294418335,25.291940689086914,13.849433898925781
138695,-0.04895111545920372,-0.3688911497592926,-0.06450784206390381,5.975402355194092,25.93351173400879,12.056373596191406
138795,-0.045702267438173294,-0.25924021005630493,-0.21853595972061157,5.695788860321045,24.943958282470703,10.564571380615234
138895,-0.05311174690723419,-0.20202581584453583,-0.34537410736083984,5.784520149230957,25.040246963500977,9.193718910217285
138995,-0.06051752716302872,-0.15169081091880798,-0.3859352469444275,5.449866771697998,22.943506240844727,7.236198425292969
139095,-0.06833852827548981,-0.14788149297237396,-0.40322762727737427,5.538626670837402,23.595273971557617,5.90462064743042
139195,-0.08222316950559616,-0.19800256192684174,-0.1837138533592224,5.674062252044678,22.186433792114258,4.624021053314209
139295,-0.1141192615032196,-0.24358002841472626,0.04561114311218262,6.142064094543457,21.002758026123047,3.36230206489563
139395,-0.12829214334487915,-0.24112899601459503,0.09418356418609619,6.342050075531006,20.79134178161621,2.488490104675293
139495,-0.08931038528680801,0.11568433791399002,0.1719188690185547,3.877246379852295,2.8669371604919434,2.7116498947143555
139595,-0.11637794971466064,0.36191150546073914,-0.04723656177520752,4.992488861083984,-12.874314308166504,4.592740058898926
139695,-0.1561656892299652,0.439874529838562,-0.23976224660873413,6.6047892570495605,-25.94695472717285,9.233150482177734
139795,-0.14307226240634918,0.44729316234588623,-0.2991138696670532,5.477080345153809,-29.441030502319336,12.576736450195312
139895,-0.1417292058467865,0.3424186706542969,-0.39683717489242554,4.293560981750488,-28.70667266845703,16.842355728149414
139995,-0.18119144439697266,0.35206151008605957,-0.3790525197982788,4.306125164031982,-29.65255355834961,20.600284576416016
140095,-0.20375092327594757,0.39376869797706604,-0.19979029893875122,3.209078788757324,-27.646085739135742,22.69954490661621
140195,-0.22880741953849792,0.47525179386138916,0.0318986177444458,2.351961851119995,-27.8887939453125,25.114879608154297
140295,-0.24319306015968323,0.49234357476234436,0.14991557598114014,2.939131259918213,-26.49355697631836,27.487529754638672
140395,-0.27014604210853577,0.4589795768260956,0.1747112274169922,4.092594623565674,-25.950239181518555,28.404382705688477
140495,-0.2946625053882599,0.4165481626987457,0.171625018119812,5.3359293937683105,-25.77804946899414,29.514694213867188
140595,-0.28262871503829956,0.38562870025634766,0.16792309284210205,5.588804721832275,-25.59762954711914,29.860321044921875
140695,-0.266825407743454,0.36616021394729614,0.16690051555633545,6.117250919342041,-25.126602172851562,28.22994613647461
140795,-0.3710862696170807,0.6445998549461365,0.027542591094970703,15.547073364257812,-38.684783935546875,13.387157440185547
140895,0.035671595484018326,0.3038822412490845,0.25134873390197754,1.3699368238449097,-18.97393226623535,1.4803608655929565
140995,0.4231123626232147,-0.29735708236694336,0.08219659328460693,-18.761764526367188,11.857696533203125,2.475950002670288
141095,0.4406784474849701,-0.28283554315567017,0.11861443519592285,-17.955190658569336,13.77563762664795,11.131176948547363
141195,0.4898700714111328,-0.20876242220401764,0.1137164831161499,-23.445226669311523,6.506448268890381,1.1669756174087524
141295,0.4281748831272125,-0.25280091166496277,0.11899590492248535,-24.97789192199707,-3.067694664001465,-27.88451385498047
141395,0.33467724919319153,-0.34865596890449524,0.11018884181976318,-24.94211196899414,-6.329789161682129,-49.398990631103516
141495,0.22848743200302124,-0.2869992256164551,0.17708921432495117,-19.107135772705078,-11.77790355682373,-71.47880554199219
141595,0.08658047765493393,-0.07134327292442322,0.26233184337615967,-6.875303268432617,-9.523078918457031,-77.13328552246094
141695,-0.1718890517950058,0.05536077544093132,0.2591280937194824,0.07125306129455566,1.461473822593689,-89.48062133789062
141795,-0.19991526007652283,0.11382565647363663,0.2171461582183838,1.2595055103302002,4.631040096282959,-102.05535888671875
141895,-0.21745024621486664,0.14685910940170288,0.07718467712402344,1.6382936239242554,7.610198974609375,-108.99497985839844
141995,-0.24967613816261292,0.23367512226104736,-0.18690186738967896,4.627326011657715,15.197894096374512,-115.13239288330078
142095,-0.2139023244380951,0.22858162224292755,-0.31957006454467773,5.688544273376465,17.019977569580078,-118.2219467163086
142195,-0.1093369647860527,0.14159102737903595,-0.3411051034927368,3.681100368499756,9.793740272521973,-118.46024322509766
142295,-0.08079572767019272,0.15258368849754333,-0.19150155782699585,5.854601860046387,5.289711952209473,-111.52997589111328
142395,-0.00670647993683815,0.30273738503456116,-0.16576522588729858,17.11134910583496,0.029027769342064857,-96.3315658569336
142495,-0.05980664864182472,0.3841664791107178,-0.20655953884124756,23.55204200744629,-2.3580920696258545,-80.02205657958984
142595,-0.10785224288702011,0.35754138231277466,-0.33624404668807983,26.590383529663086,-0.7001451253890991,-75.130615234375
142695,-0.11711275577545166,0.33315980434417725,-0.3977125287055969,28.08948516845703,-0.28799349069595337,-74.88063049316406
142795,-0.08037964999675751,0.14846503734588623,-0.35483020544052124,14.122082710266113,0.49184301495552063,-73.04129028320312
142895,-0.0943351611495018,0.05949562042951584,-0.2779982089996338,6.334839820861816,3.1314022541046143,-72.32099914550781
142995,-0.06128186732530594,0.008293409831821918,-0.23150581121444702,3.5954501628875732,2.996962308883667,-68.6122055053711
143095,-0.09885121136903763,0.07566291838884354,-0.0800929069519043,7.184303283691406,1.5576503276824951,-62.86674499511719
143195,-0.0435916930437088,0.02977258712053299,0.1978205442428589,2.9035158157348633,-0.04504244774580002,-55.957763671875
143295,0.03769928961992264,0.00825357623398304,0.29801666736602783,-1.5690505504608154,-2.3898160457611084,-47.318485260009766
143395,0.051651906222105026,-0.10203153640031815,0.2623288631439209,-5.920101165771484,0.8960333466529846,-39.82960891723633
143495,0.12086880207061768,-0.1612226516008377,0.279305100440979,-10.160486221313477,1.9416544437408447,-35.5682373046875
143595,-0.04981130734086037,-0.07707290351390839,0.2973109483718872,-3.076864242553711,2.656787633895874,-35.31563186645508
143695,-0.1370004564523697,-0.03433877229690552,0.3096034526824951,0.9041688442230225,2.635255813598633,-37.995914459228516
143795,-0.19995911419391632,-0.0526987724006176,0.26989853382110596,2.556152820587158,4.994500160217285,-41.62417221069336
143895,-0.17296364903450012,-0.04334186390042305,0.045888543128967285,2.4735825061798096,4.773514747619629,-44.927940368652344
143995,-0.13602975010871887,-0.00876888819038868,-0.18784737586975098,3.4677155017852783,4.007749557495117,-46.002037048339844
144095,-0.1479048728942871,-0.020897800102829933,-0.25083446502685547,3.8923635482788086,5.105899333953857,-46.664005279541016
144195,-0.17116472125053406,-0.037443678826093674,-0.2805037498474121,4.833680152893066,9.413241386413574,-49.722503662109375
144295,-0.3148781955242157,-0.1325034350156784,-0.3291292190551758,-1.1219011545181274,24.00779151916504,-65.77818298339844
144395,-0.2584650218486786,-0.047203343361616135,-0.10107278823852539,-1.173298954963684,14.302058219909668,-78.47221374511719
144495,-0.2068948745727539,-0.024683378636837006,-0.3623512387275696,-1.5315449237823486,14.474662780761719,-80.96607971191406
144595,-0.4138612151145935,-0.08256420493125916,-0.01123744249343872,-2.5158488750457764,14.319205284118652,-81.36509704589844
144695,-0.5580394268035889,-0.11454956978559494,0.06944167613983154,-2.2437121868133545,14.708036422729492,-78.41873931884766
144795,-0.38618719577789307,-0.040286835283041,-0.3808901309967041,-1.8718416690826416,15.495832443237305,-76.27479553222656
144895,-0.4502524435520172,-0.10413749516010284,-0.2849908471107483,-1.4816607236862183,16.84184455871582,-73.76335144042969
144995,-0.559756338596344,-0.030966248363256454,-0.13885414600372314,-1.074438214302063,16.863574981689453,-72.06462860107422
145095,-0.24409255385398865,-0.05844144523143768,-0.02472543716430664,-1.008466124534607,16.84769630432129,-72.47634887695312
145195,-0.2446926236152649,-0.049209993332624435,-0.023623168468475342,-1.0045524835586548,16.615049362182617,-72.52714538574219
145295,-0.23863381147384644,-0.05564422905445099,-0.01975160837173462,-0.9972193241119385,16.538663864135742,-72.54496002197266
145395,-0.23521022498607635,-0.05446315556764603,-0.028467655181884766,-0.9994764924049377,16.44615364074707,-72.56303405761719
145495,-0.23325341939926147,-0.05796938017010689,-0.0246579647064209,-0.9996821284294128,16.303953170776367,-72.58612823486328
145595,-0.23337630927562714,-0.052344437688589096,-0.025667965412139893,-0.9898940324783325,16.06619644165039,-72.62699890136719
145695,-0.22874246537685394,-0.05406850948929787,-0.02841895818710327,-0.9893553853034973,15.927931785583496,-72.64835357666016
145795,-0.22527851164340973,-0.05288632959127426,-0.025100529193878174,-0.9871615171432495,15.811176300048828,-72.6668930053711
145895,-0.22580257058143616,-0.05070527270436287,-0.027581393718719482,-0.9738564491271973,15.672754287719727,-72.6916275024414
145995,-0.22046396136283875,-0.05084674432873726,-0.02701270580291748,-0.958972156047821,15.433578491210938,-72.72734832763672
146095,-0.21990728378295898,-0.047790080308914185,-0.026634573936462402,-0.9549828171730042,15.32001781463623,-72.74165344238281
146195,-0.21716202795505524,-0.04810774698853493,-0.025264620780944824,-0.9513326287269592,15.147496223449707,-72.7643814086914
146295,-0.2144453376531601,-0.04803623631596565,-0.02209949493408203,-0.9364911317825317,14.963022232055664,-72.78880310058594
146395,-0.21158739924430847,-0.046508658677339554,-0.023617684841156006,-0.9364796280860901,14.807480812072754,-72.80455017089844
146495,-0.2088472694158554,-0.04554905369877815,-0.02205878496170044,-0.9320424199104309,14.68661880493164,-72.81409454345703
146595,-0.20689435303211212,-0.045251987874507904,-0.02287924289703369,-0.8697470426559448,14.504267692565918,-72.42040252685547
146695,-0.20260338485240936,-0.04465053975582123,-0.01880061626434326,-0.7778741121292114,14.246760368347168,-71.761962890625
146795,-0.20041993260383606,-0.046311281621456146,-0.02174919843673706,-0.698091447353363,14.093335151672363,-71.10009765625
146895,-0.19785724580287933,-0.04555729776620865,-0.019992589950561523,-0.6156052350997925,13.951094627380371,-70.44091796875
146995,-0.19377732276916504,-0.046512022614479065,-0.019048690795898438,-0.538966715335846,13.77623176574707,-69.7872085571289
147095,-0.19233058393001556,-0.047631070017814636,-0.018041253089904785,-0.45910003781318665,13.657769203186035,-69.13801574707031
147195,-0.18914534151554108,-0.04399165138602257,-0.019119322299957275,-0.39549383521080017,13.472888946533203,-68.48829650878906
147295,-0.1867031455039978,-0.04488695412874222,-0.018679678440093994,-0.32999497652053833,13.342019081115723,-67.84550476074219
147395,-0.18504369258880615,-0.043124955147504807,-0.018396079540252686,-0.2544676959514618,13.246946334838867,-67.21241760253906
147495,-0.18319997191429138,-0.044514451175928116,-0.017161309719085693,-0.17953281104564667,13.119142532348633,-66.5882568359375
147595,-0.17937062680721283,-0.046536464244127274,-0.01744818687438965,-0.10694580525159836,13.008190155029297,-65.96524810791016
147695,-0.1786491721868515,-0.046937067061662674,-0.017329275608062744,-0.038863420486450195,12.886999130249023,-65.3500747680664
147795,-0.17935636639595032,-0.043438613414764404,-0.0163535475730896,0.018750453367829323,12.76827335357666,-64.73226928710938
147895,-0.17671215534210205,-0.04662414267659187,-0.015745162963867188,0.0694923922419548,12.612411499023438,-64.1217269897461
147995,-0.17308665812015533,-0.04400774836540222,-0.016800522804260254,0.13855449855327606,12.533540725708008,-63.52318572998047
148095,-0.1729346066713333,-0.045915745198726654,-0.015404582023620605,0.20615926384925842,12.436487197875977,-62.92844009399414
148195,-0.17142215371131897,-0.04449569806456566,-0.016245782375335693,0.2831622362136841,12.36314582824707,-62.34291076660156
148295,-0.1675843596458435,-0.04773596301674843,-0.017842411994934082,0.3250931203365326,12.225870132446289,-61.75212478637695
148395,-0.16856850683689117,-0.04822705313563347,-0.015181899070739746,0.38773563504219055,12.126232147216797,-61.17094039916992
148495,-0.16584311425685883,-0.04776674509048462,-0.015485405921936035,0.427446186542511,11.979531288146973,-60.590885162353516
148595,-0.1652165949344635,-0.04641886427998543,-0.0152052640914917,0.48851731419563293,11.907081604003906,-60.02119827270508
148695,-0.16385839879512787,-0.045613981783390045,-0.01304936408996582,0.5449205040931702,11.820549964904785,-59.45501708984375
148795,-0.1614774912595749,-0.045743316411972046,-0.014629483222961426,0.6026362180709839,11.709961891174316,-58.895050048828125
148895,-0.1624845415353775,-0.04683883115649223,-0.01255565881729126,0.6613483428955078,11.628378868103027,-58.34391784667969
148995,-0.0332593210041523,0.041037481278181076,-0.0010402202606201172,0.0010138024808838964,0.0005754900048486888,-0.0008064582361839712
149095,-0.032690342515707016,0.042519502341747284,0.00021946430206298828,0.0016365635674446821,-0.0019917883910238743,-0.0011741697089746594
149195,-0.03260162100195885,0.040816690772771835,-0.00293731689453125,-0.00028090717387385666,-0.00324822124093771,-0.005484788212925196
149295,-0.03416459262371063,0.04237420856952667,-0.002968728542327881,-0.001945203053764999,0.002440259326249361,-0.0052528842352330685
149395,-0.03366836532950401,0.04181468114256859,-0.002040565013885498,0.004495593719184399,-0.005299642216414213,-0.0023899287916719913
149495,-0.03247491642832756,0.038796454668045044,-0.0003616213798522949,-0.0011391355656087399,0.008802405558526516,-0.0014207687927410007
149595,-0.03285054489970207,0.0406976193189621,-0.002909719944000244,-8.753385918680578e-05,-0.004390943795442581,-0.00453443918377161
149695,-0.033107414841651917,0.04216787591576576,-0.0024240612983703613,-0.008548586629331112,0.011770502664148808,-0.0023594468366354704
149795,-0.036835841834545135,0.040191128849983215,-0.0021509528160095215,0.0070482585579156876,0.0061249928548932076,-0.009881588630378246
149895,-0.03409759700298309,0.04068867862224579,-0.0006896257400512695,-0.0059112440794706345,0.018961193040013313,-0.01400347612798214
149995,-0.03575057536363602,0.03957970440387726,-0.0009166598320007324,0.007945691235363483,0.007739510387182236,-0.016086680814623833
150095,-0.03345989063382149,0.040216803550720215,-0.0012926459312438965,0.004847987554967403,0.01327038835734129,-0.01281500980257988
150195,-0.031461507081985474,0.04156007245182991,-0.0005140304565429688,0.014492522925138474,-0.0022329778876155615,-0.015080800279974937
150295,-0.032499223947525024,0.040039289742708206,-0.0016444921493530273,0.010624300688505173,0.0045927115716040134,-0.014444388449192047
150395,-0.03474941849708557,0.041144438087940216,-0.0019477605819702148,0.0034314929507672787,0.015977948904037476,-0.013063021004199982
150495,-0.03373400494456291,0.04326809197664261,0.0003380775451660156,0.011095473542809486,0.014513490721583366,-0.01643015816807747
150595,-0.03241133689880371,0.04022636637091637,0.0003260374069213867,0.009763697162270546,0.0242381040006876,-0.016576630994677544
150695,-0.033883314579725266,0.04041149094700813,-0.0009477138519287109,-0.0033189370296895504,0.03263753652572632,-0.018184181302785873
150795,-0.03460871800780296,0.04081515595316887,0.0005605220794677734,-0.004927029367536306,0.025016022846102715,-0.013752549886703491
150895,-0.033007752150297165,0.04256472736597061,-0.002148747444152832,-0.003136581042781472,0.026410361751914024,-0.014333219267427921
150995,-0.03473418578505516,0.042931802570819855,0.0017410516738891602,-0.0035043105017393827,0.018894098699092865,-0.012843613512814045
151095,-0.03362119570374489,0.04091758280992508,-0.0023941397666931152,-0.027250174432992935,0.048972323536872864,-0.014739447273314
151195,-0.03275565430521965,0.04207911714911461,-0.0005761384963989258,-0.013960978016257286,0.04201853647828102,-0.016613749787211418
151295,-0.032603926956653595,0.0408022440969944,-0.0015343427658081055,-0.018039517104625702,0.05038851499557495,-0.015790365636348724
151395,-0.03255237638950348,0.04071459919214249,-0.0016265511512756348,-0.03678729757666588,0.06730353087186813,-0.01755462773144245
151495,-0.033163148909807205,0.04027140140533447,-0.00035315752029418945,-0.04085978865623474,0.06320050358772278,-0.015437962487339973
151595,-0.029738228768110275,0.03961190953850746,-0.0005151033401489258,-0.04022543877363205,0.065055251121521,-0.014091326855123043
151695,-0.03367401659488678,0.04095251113176346,-0.0016795992851257324,-0.03499988839030266,0.04472123086452484,-0.01114054024219513
151795,-0.0329059399664402,0.040534745901823044,-0.0001875162124633789,-0.037174075841903687,0.04237326234579086,-0.013708628714084625
151895,-0.034121956676244736,0.04232141748070717,-0.0014138221740722656,-0.047641605138778687,0.05236751213669777,-0.005481646861881018
151995,-0.033318616449832916,0.03828943520784378,-0.0009701848030090332,-0.04927007481455803,0.04803567752242088,-0.004676370415836573
