Timestamp,ctrltarget.ax,ctrltarget.ay,ctrltarget.az,ctrltarget.pitch,ctrltarget.roll,ctrltarget.yaw
23409,0.0,0.0,0.0,-0.0,-5.551115123125783e-17,-0.0
23509,0.0,0.0,0.0,-0.0,-5.551115123125783e-17,-0.0
23609,0.0,0.0,0.0,-0.0,-5.551115123125783e-17,-0.0
23709,0.0,0.0,0.0,-0.0,-5.551115123125783e-17,-0.0
23809,0.0,0.0,0.0,-0.0,-5.551115123125783e-17,-0.0
23909,0.0,0.0,0.0,-0.0,-5.551115123125783e-17,-0.0
24009,0.0,0.0,0.0,-0.0,-5.551115123125783e-17,-0.0
24109,0.0,0.0,0.0,-0.0,-5.551115123125783e-17,-0.0
24209,0.0,0.0,0.0,-0.0,-5.551115123125783e-17,-0.0
24309,0.0,0.0,0.0,-0.0,-5.551115123125783e-17,-0.0
24409,0.0,0.0,0.0,-0.0,-5.551115123125783e-17,-0.0
24509,0.0,0.0,0.0,-0.0,-5.551115123125783e-17,-0.0
24609,0.0,0.0,0.0,-0.0,-5.551115123125783e-17,-0.0
24709,0.0,0.0,0.0,-0.0,-5.551115123125783e-17,-0.0
24809,0.0,0.0,0.0,-0.0,-5.551115123125783e-17,-0.0
24909,0.0,0.0,0.0,-0.0,-5.551115123125783e-17,-0.0
25009,0.0,0.0,0.0,-0.0,-5.551115123125783e-17,-0.0
25109,0.0,0.0,0.0,-0.0,-5.551115123125783e-17,-0.0
25209,0.0,0.0,0.0,-0.0,-5.551115123125783e-17,-0.0
25309,0.0,0.0,0.0,-0.0,-5.551115123125783e-17,-0.0
25409,0.0,0.0,0.0,-0.0,-5.551115123125783e-17,-0.0
25509,0.0,0.0,0.0,-0.0,-5.551115123125783e-17,-0.0
25609,0.0,0.0,0.0,-0.0,-5.551115123125783e-17,-0.0
25709,0.0,0.0,0.0,-0.0,-5.551115123125783e-17,-0.0
25809,0.0,0.0,0.0,-0.0,-5.551115123125783e-17,-0.0
25909,0.0,0.0,0.0,-0.0,-5.551115123125783e-17,-0.0
26009,0.0,0.0,0.0,-0.0,-5.551115123125783e-17,-0.0
26109,0.0,0.0,0.0,-0.0,-5.551115123125783e-17,-0.0
26209,0.0,0.0,0.0,-0.0,-5.551115123125783e-17,-0.0
26309,0.0,0.0,0.0,-0.0,-5.551115123125783e-17,-0.0
26409,0.0,0.0,0.0,-0.0,-5.551115123125783e-17,-0.0
26509,0.0,0.0,0.0,-0.0,-5.551115123125783e-17,-0.0
26609,0.0,0.0,0.0,-0.0,-5.551115123125783e-17,-0.0
26709,0.0,0.0,0.0,-0.0,-5.551115123125783e-17,-0.0
26809,0.0,0.0,0.0,-0.0,-5.551115123125783e-17,-0.0
26909,0.0,0.0,0.0,-0.0,-5.551115123125783e-17,-0.0
27009,0.0,0.0,0.0,-0.0,-5.551115123125783e-17,-0.0
27109,0.0,0.0,0.0,-0.0,-5.551115123125783e-17,-0.0
27209,0.0,0.0,0.0,-0.0,-5.551115123125783e-17,-0.0
27309,0.0,0.0,0.0,-0.0,-5.551115123125783e-17,-0.0
27409,0.0,0.0,0.0,-0.0,-5.551115123125783e-17,-0.0
27509,0.0,0.0,0.0,-0.0,-5.551115123125783e-17,-0.0
27609,0.0,0.0,0.0,-0.0,-5.551115123125783e-17,-0.0
27709,0.0,0.0,0.0,-0.0,-5.551115123125783e-17,-0.0
27809,0.0,0.0,0.0,-0.0,-5.551115123125783e-17,-0.0
27909,0.0,0.0,0.0,-0.0,-5.551115123125783e-17,-0.0
28009,0.0,0.0,0.0,-0.0,-5.551115123125783e-17,-0.0
28109,0.0,0.0,0.0,-0.0,-5.551115123125783e-17,-0.0
28209,0.0,0.0,0.0,-0.0,-5.551115123125783e-17,-0.0
28309,0.0,0.0,0.0,3.7214741706848145,-5.551115123125783e-17,-0.0
28409,0.0,0.0,0.0,15.629112243652344,-5.551115123125783e-17,-0.0
28509,0.0,0.0,0.0,17.280916213989258,-5.551115123125783e-17,-0.0
28609,0.0,0.0,0.0,17.408126831054688,-5.551115123125783e-17,-0.0
28709,0.0,0.0,0.0,-0.0,-5.551115123125783e-17,-0.0
28809,0.0,0.0,0.0,-7.608128547668457,-1.469276785850525,-0.0
28909,0.0,0.0,0.0,-20.216384887695312,-5.551115123125783e-17,-0.0
29009,0.0,0.0,0.0,-23.034282684326172,-5.551115123125783e-17,-0.0
29109,0.0,0.0,0.0,-10.496376037597656,-5.551115123125783e-17,6.02264404296875
29209,0.0,0.0,0.0,-0.5055638551712036,-5.551115123125783e-17,25.90484619140625
29309,0.0,0.0,0.0,-0.0,-6.974969387054443,45.6268310546875
29409,0.0,0.0,0.0,-0.0,-18.7843074798584,-0.0
29509,0.0,0.0,0.0,-0.0,-22.1630859375,-0.0
29609,0.0,0.0,0.0,-0.0,-22.240182876586914,-0.0
29709,0.0,0.0,0.0,-0.0,-19.76536750793457,-0.0
29809,0.0,0.0,0.0,-0.0,-1.836451530456543,-0.0
29909,0.0,0.0,0.0,-0.0,-5.551115123125783e-17,-0.0
30009,0.0,0.0,0.0,-0.0,-5.551115123125783e-17,-0.0
30109,0.0,0.0,0.0,-0.0,-5.551115123125783e-17,-0.0
30209,0.0,0.0,0.0,2.7789628505706787,-5.551115123125783e-17,-0.0
30309,0.0,0.0,0.0,3.614501953125,-5.551115123125783e-17,-0.0
30409,0.0,0.0,0.0,3.7580952644348145,2.135202407836914,-0.0
30509,0.0,0.0,0.0,4.405710220336914,9.531700134277344,-0.0
30609,0.0,0.0,0.0,6.0016188621521,29.99903678894043,-0.0
30709,0.0,0.0,0.0,6.2136359214782715,29.99903678894043,-0.0
30809,0.0,0.0,0.0,6.2762770652771,29.99903678894043,-0.0
30909,0.0,0.0,0.0,6.2762770652771,29.99903678894043,-0.0
31009,0.0,0.0,0.0,6.2762770652771,29.99903678894043,-0.0
31109,0.0,0.0,0.0,6.2762770652771,29.99903678894043,-0.0
31209,0.0,0.0,0.0,6.2762770652771,29.99903678894043,-0.0
31309,0.0,0.0,0.0,6.2762770652771,29.99903678894043,-0.0
31409,0.0,0.0,0.0,6.2762770652771,29.99903678894043,-0.0
31509,0.0,0.0,0.0,6.2762770652771,29.99903678894043,-0.0
31609,0.0,0.0,0.0,6.2762770652771,29.99903678894043,-0.0
31709,0.0,0.0,0.0,6.2762770652771,29.99903678894043,-0.0
31809,0.0,0.0,0.0,6.2762770652771,29.99903678894043,-0.0
31909,0.0,0.0,0.0,-0.0,-5.551115123125783e-17,-0.0
32009,0.0,0.0,0.0,-0.0,-25.5322265625,-0.0
32109,0.0,0.0,0.0,-0.0,-29.99903678894043,-0.0
32209,0.0,0.0,0.0,-0.0,-29.99903678894043,-0.0
32309,0.0,0.0,0.0,-0.0,-29.99903678894043,-0.0
32409,0.0,0.0,0.0,-0.0,-29.99903678894043,-0.0
32509,0.0,0.0,0.0,-0.0,-29.99903678894043,-0.0
32609,0.0,0.0,0.0,-0.0,-29.99903678894043,-0.0
32709,0.0,0.0,0.0,-0.0,-27.644685745239258,-0.0
32809,0.0,0.0,0.0,-0.0,-12.153963088989258,-0.0
32909,0.0,0.0,0.0,-0.0,-5.551115123125783e-17,-0.0
33009,0.0,0.0,0.0,-0.0,-5.551115123125783e-17,-0.0
33109,0.0,0.0,0.0,-0.0,-5.551115123125783e-17,-0.0
33209,0.0,0.0,0.0,-0.0,-5.551115123125783e-17,-0.0
33309,0.0,0.0,0.0,-0.0,-29.99903678894043,-0.0
33409,0.0,0.0,0.0,-0.0,-29.99903678894043,-0.0
33509,0.0,0.0,0.0,-0.0,-29.99903678894043,-0.0
33609,0.0,0.0,0.0,-0.0,-29.99903678894043,-0.0
33709,0.0,0.0,0.0,-0.0,-29.99903678894043,-0.0
33809,0.0,0.0,0.0,-0.0,-29.99903678894043,-0.0
33909,0.0,0.0,0.0,-0.0,-29.99903678894043,-0.0
34009,0.0,0.0,0.0,-0.0,-29.99903678894043,-0.0
34109,0.0,0.0,0.0,-0.0,-29.99903678894043,-0.0
34209,0.0,0.0,0.0,-0.0,-29.99903678894043,-0.0
34309,0.0,0.0,0.0,-0.0,-0.6028988361358643,-0.0
34409,0.0,0.0,0.0,-0.0,14.347373962402344,-0.0
34509,0.0,0.0,0.0,-0.0,29.99903678894043,-0.0
34609,0.0,0.0,0.0,-0.0,29.99903678894043,-0.0
34709,0.0,0.0,0.0,-0.0,29.99903678894043,-19.63348388671875
34809,0.0,0.0,0.0,-0.0,29.99903678894043,-31.9091796875
34909,0.0,0.0,0.0,-0.0,29.99903678894043,-32.9620361328125
35009,0.0,0.0,0.0,-0.0,29.99903678894043,-8.380126953125
35109,0.0,0.0,0.0,-0.0,17.9979190826416,-0.0
35209,0.0,0.0,0.0,-0.0,27.71021842956543,-0.0
35309,0.0,0.0,0.0,4.369089126586914,29.99903678894043,-0.0
35409,0.0,0.0,0.0,9.770700454711914,29.99903678894043,-0.0
35509,0.0,0.0,0.0,15.640676498413086,29.99903678894043,-0.0
35609,0.0,0.0,0.0,19.045475006103516,29.99903678894043,-0.0
35709,0.0,0.0,0.0,23.40723991394043,27.928016662597656,-0.0
35809,0.0,0.0,0.0,28.788612365722656,11.307823181152344,-0.0
35909,0.0,0.0,0.0,3.5075297355651855,-5.551115123125783e-17,-0.0
36009,0.0,0.0,0.0,-2.7221038341522217,-5.551115123125783e-17,-0.0
36109,0.0,0.0,0.0,-29.99903678894043,-5.233539581298828,-0.0
36209,0.0,0.0,0.0,-29.99903678894043,-8.6547212600708,-0.0
36309,0.0,0.0,0.0,-29.99903678894043,-11.690417289733887,-0.0
36409,0.0,0.0,0.0,-29.99903678894043,-15.275428771972656,-0.0
36509,0.0,0.0,0.0,-29.99903678894043,-17.042879104614258,-0.0
36609,0.0,0.0,0.0,-26.818782806396484,-23.448678970336914,1.87225341796875
36709,0.0,0.0,0.0,-17.5767765045166,-29.961450576782227,-0.0
36809,0.0,0.0,0.0,-0.0,-29.99903678894043,-0.0
36909,0.0,0.0,0.0,4.424984455108643,-22.131282806396484,-0.0
37009,0.0,0.0,0.0,5.209446907043457,-0.34462377429008484,-0.0
37109,0.0,0.0,0.0,5.209446907043457,-5.551115123125783e-17,-0.0
37209,0.0,0.0,0.0,7.181203842163086,15.794870376586914,-0.0
37309,0.0,0.0,0.0,10.175459861755371,29.99903678894043,-0.0
37409,0.0,0.0,0.0,11.563206672668457,29.99903678894043,-0.0
37509,0.0,0.0,0.0,11.856175422668457,29.99903678894043,-0.0
37609,0.0,0.0,0.0,9.723478317260742,29.362985610961914,-0.0
37709,0.0,0.0,0.0,3.6241390705108643,25.628597259521484,-0.0
37809,0.0,0.0,0.0,3.1981780529022217,29.153860092163086,-0.0
37909,0.0,0.0,0.0,1.3767603635787964,29.941213607788086,-0.0
38009,0.0,0.0,0.0,-0.0,29.99903678894043,-0.0
38109,0.0,0.0,0.0,-0.0,29.3321475982666,-0.0
38209,0.0,0.0,0.0,-0.0,-5.551115123125783e-17,-0.0
38309,0.0,0.0,0.0,-0.0,-6.365902423858643,-0.0
38409,0.0,0.0,0.0,-0.0,-25.297080993652344,-0.0
38509,0.0,0.0,0.0,-0.0,-29.99903678894043,-0.0
38609,0.0,0.0,0.0,1.1377595663070679,-29.99903678894043,-0.0
38709,0.0,0.0,0.0,4.769993782043457,-29.99903678894043,-0.0
38809,0.0,0.0,0.0,5.4021897315979,-29.99903678894043,-0.0
38909,0.0,0.0,0.0,7.516575813293457,-29.99903678894043,-0.0
39009,0.0,0.0,0.0,9.573139190673828,-29.99903678894043,-0.0
39109,0.0,0.0,0.0,10.1099271774292,-29.99903678894043,-0.0
39209,0.0,0.0,0.0,10.173532485961914,-29.99903678894043,-0.0
39309,0.0,0.0,0.0,10.173532485961914,-29.99903678894043,-0.0
39409,0.0,0.0,0.0,4.711207389831543,-29.99903678894043,-0.0
39509,0.0,0.0,0.0,-4.969482421875,-21.735197067260742,-0.0
39609,0.0,0.0,0.0,-13.686266899108887,-9.338956832885742,-0.0
39709,0.0,0.0,0.0,-14.052477836608887,-2.0369038581848145,-0.0
39809,0.0,0.0,0.0,-9.901765823364258,-5.551115123125783e-17,-0.0
39909,0.0,0.0,0.0,-0.4978541433811188,-5.551115123125783e-17,-0.0
40009,0.0,0.0,0.0,-0.0,1.378687858581543,-0.1708984375
40109,0.0,0.0,0.0,-0.0,11.457198143005371,-10.53924560546875
40209,0.0,0.0,0.0,-0.0,16.281545639038086,-12.1795654296875
40309,0.0,0.0,0.0,-0.0,16.8250789642334,-12.1795654296875
40409,0.0,0.0,0.0,-0.6857781410217285,23.194259643554688,-12.1795654296875
40509,0.0,0.0,0.0,-5.1863179206848145,25.1197566986084,-8.563232421875
40609,0.0,0.0,0.0,-8.036017417907715,24.449975967407227,-4.4586181640625
40709,0.0,0.0,0.0,-8.781930923461914,2.770289421081543,-3.91693115234375
40809,0.0,0.0,0.0,-0.0,-5.551115123125783e-17,-3.375244140625
40909,0.0,0.0,0.0,-0.0,-5.551115123125783e-17,-2.30712890625
41009,0.0,0.0,0.0,-0.0,-5.551115123125783e-17,-0.0
41109,0.0,0.0,0.0,-0.0,-5.551115123125783e-17,-0.0
41209,0.0,0.0,0.0,6.0324578285217285,4.6736226081848145,-0.0
41309,0.0,0.0,0.0,8.345369338989258,7.878931999206543,-0.0
41409,0.0,0.0,0.0,5.8782639503479,13.134058952331543,-0.0
41509,0.0,0.0,0.0,3.98649525642395,9.287879943847656,-0.0
41609,0.0,0.0,0.0,-0.0,-5.551115123125783e-17,-0.0
41709,0.0,0.0,0.0,-0.0,-5.551115123125783e-17,-0.0
41809,0.0,0.0,0.0,-0.0,-5.551115123125783e-17,-0.0
41909,0.0,0.0,0.0,-0.0,-5.551115123125783e-17,-0.0
42009,0.0,0.0,0.0,-0.0,-5.551115123125783e-17,-0.0
42109,0.0,0.0,0.0,-0.0,-5.551115123125783e-17,-0.0
42209,0.0,0.0,0.0,-0.0,-5.551115123125783e-17,-0.0
42309,0.0,0.0,0.0,-0.0,-5.551115123125783e-17,-0.0
42409,0.0,0.0,0.0,-0.0,-5.551115123125783e-17,-0.0
42509,0.0,0.0,0.0,-0.0,1.255332589149475,-0.0
42609,0.0,0.0,0.0,-0.0,9.4141263961792,-0.0
42709,0.0,0.0,0.0,-0.0,7.4712815284729,-0.0
42809,0.0,0.0,0.0,-0.0,-5.551115123125783e-17,-0.0
42909,0.0,0.0,0.0,-0.0,-5.551115123125783e-17,-0.0
43009,0.0,0.0,0.0,-0.0,-5.551115123125783e-17,-29.1168212890625
43109,0.0,0.0,0.0,-0.0,-5.551115123125783e-17,-105.9906005859375
43209,0.0,0.0,0.0,-0.0,-5.551115123125783e-17,-125.13275146484375
43309,0.0,0.0,0.0,-0.0,-5.551115123125783e-17,-126.62811279296875
43409,0.0,0.0,0.0,-0.0,-5.551115123125783e-17,-89.5263671875
43509,0.0,0.0,0.0,-0.0,-5.551115123125783e-17,-0.0
43609,0.0,0.0,0.0,-0.0,-5.551115123125783e-17,-0.0
43709,0.0,0.0,0.0,-0.0,-5.551115123125783e-17,-0.0
43809,0.0,0.0,0.0,-0.0,-5.551115123125783e-17,-0.0
43909,0.0,0.0,0.0,-0.0,-5.551115123125783e-17,-0.0
44009,0.0,0.0,0.0,-0.0,-5.551115123125783e-17,-0.0
44109,0.0,0.0,0.0,-0.0,9.657946586608887,-0.0
44209,0.0,0.0,0.0,-0.0,-5.551115123125783e-17,-0.0
44309,0.0,0.0,0.0,-0.0,-5.551115123125783e-17,-0.0
44409,0.0,0.0,0.0,-0.0,-5.551115123125783e-17,-0.0
44509,0.0,0.0,0.0,-0.0,-5.551115123125783e-17,-0.0
44609,0.0,0.0,0.0,-0.0,-5.551115123125783e-17,-0.0
44709,0.0,0.0,0.0,-0.0,-5.551115123125783e-17,-0.0
44809,0.0,0.0,0.0,-0.0,-5.551115123125783e-17,-0.0
44909,0.0,0.0,0.0,-0.0,-5.551115123125783e-17,-0.0
45009,0.0,0.0,0.0,-0.0,-5.551115123125783e-17,-0.0
45109,0.0,0.0,0.0,-0.0,-5.551115123125783e-17,-0.0
45209,0.0,0.0,0.0,-0.0,-5.551115123125783e-17,-0.0
45309,0.0,0.0,0.0,-0.0,1.7198421955108643,-0.0
45409,0.0,0.0,0.0,-0.0,6.826557159423828,-0.0
45509,0.0,0.0,0.0,-0.0,7.028936862945557,-0.0
45609,0.0,0.0,0.0,-0.0,7.028936862945557,-0.0
45709,0.0,0.0,0.0,-0.0,7.028936862945557,-0.0
45809,0.0,0.0,0.0,-0.0,-5.551115123125783e-17,-0.0
45909,0.0,0.0,0.0,-0.0,-5.551115123125783e-17,-0.0
46009,0.0,0.0,0.0,-0.0,-5.551115123125783e-17,-0.0
46109,0.0,0.0,0.0,-0.0,-5.551115123125783e-17,-0.0
46209,0.0,0.0,0.0,-0.9305612444877625,-5.551115123125783e-17,-0.0
46309,0.0,0.0,0.0,-5.4667582511901855,-5.551115123125783e-17,-0.0
46409,0.0,0.0,0.0,-6.733077049255371,-5.551115123125783e-17,-0.0
46509,0.0,0.0,0.0,-0.0,-5.551115123125783e-17,-0.0
46609,0.0,0.0,0.0,-0.0,-5.551115123125783e-17,-0.0
46709,0.0,0.0,0.0,-0.0,-5.551115123125783e-17,-0.0
46809,0.0,0.0,0.0,-0.0,-5.551115123125783e-17,-0.0
46909,0.0,0.0,0.0,-0.0,-5.551115123125783e-17,-0.0
47009,0.0,0.0,0.0,-0.0,-5.551115123125783e-17,-0.0
47109,0.0,0.0,0.0,-0.0,-5.551115123125783e-17,-0.0
47209,0.0,0.0,0.0,-0.0,-5.551115123125783e-17,-0.0
47309,0.0,0.0,0.0,-0.0,-5.551115123125783e-17,-0.0
47409,0.0,0.0,0.0,-0.0,-5.551115123125783e-17,-0.0
47509,0.0,0.0,0.0,-0.0,-5.551115123125783e-17,-0.0
47609,0.0,0.0,0.0,-0.0,-5.551115123125783e-17,-0.0
47709,0.0,0.0,0.0,-0.0,-5.551115123125783e-17,-0.0
47809,0.0,0.0,0.0,-0.0,-5.551115123125783e-17,-0.0
47909,0.0,0.0,0.0,-0.0,-5.551115123125783e-17,-0.0
48009,0.0,0.0,0.0,-0.0,-5.551115123125783e-17,-0.0
48109,0.0,0.0,0.0,-0.0,-5.551115123125783e-17,-0.0
48209,0.0,0.0,0.0,-0.0,-5.551115123125783e-17,-0.0
48309,0.0,0.0,0.0,-0.0,-5.551115123125783e-17,-0.0
48409,0.0,0.0,0.0,-0.0,-5.551115123125783e-17,-0.0
48509,0.0,0.0,0.0,-0.0,-5.551115123125783e-17,-0.0
48609,0.0,0.0,0.0,-0.0,-5.551115123125783e-17,-0.0
48709,0.0,0.0,0.0,-0.0,-5.551115123125783e-17,-0.0
48809,0.0,0.0,0.0,-0.0,-5.551115123125783e-17,-0.0
48909,0.0,0.0,0.0,-0.0,-5.551115123125783e-17,-0.0
49009,0.0,0.0,0.0,-0.0,-5.551115123125783e-17,-0.0
49109,0.0,0.0,0.0,-0.0,-5.551115123125783e-17,-0.0
49209,0.0,0.0,0.0,-0.0,-5.551115123125783e-17,-0.0
49309,0.0,0.0,0.0,-0.0,-5.551115123125783e-17,-0.0
49409,0.0,0.0,0.0,-0.0,-5.551115123125783e-17,-0.0
49509,0.0,0.0,0.0,-0.0,-5.551115123125783e-17,-0.0
49609,0.0,0.0,0.0,-0.0,-5.551115123125783e-17,-0.0
49709,0.0,0.0,0.0,-0.0,-5.551115123125783e-17,-0.0
49809,0.0,0.0,0.0,-0.0,-5.551115123125783e-17,-0.0
49909,0.0,0.0,0.0,-0.0,-5.551115123125783e-17,-0.0
